<?xml version="1.0" encoding="ISO-8859-1"?>
<product productid="sn_api" active="1">
	<title>sn Payment Module</title>
	<description>This product add a sn module for the payment</description>
	<version>4.X.X</version>
	<url><![CDATA[http://]]></url>
	<versioncheckurl><![CDATA[http://]]></versioncheckurl>
	<dependencies>
	</dependencies>

	<codes>
		<code version="1.0">
			<installcode><![CDATA[
function toggle_subs()
{
	global $vbulletin;

	$setting = 0;
	if ($check = $vbulletin->db->query_first("
		SELECT paymentapiid
		FROM " . TABLE_PREFIX . "paymentapi
		WHERE active = 1
	"))
	{
		if ($check = $vbulletin->db->query_first("
			SELECT subscriptionid
			FROM " . TABLE_PREFIX . "subscription
			WHERE active = 1
		"))
		{
			$setting = 1;
		}
	}

	if ($setting != $vbulletin->options['subscriptionmethods'])
	{
		// update $vboptions
		$vbulletin->db->query_write("
			UPDATE " . TABLE_PREFIX . "setting
			SET value = '$setting'
			WHERE varname = 'subscriptionmethods'
		");
		build_options();
	}
}

$db->hide_errors();
$apisettings = array(
	"plmid"      => array("type" => "text", "value" => "", "validate" => "string"),
	"d2t"      => array("type" => "text", "value" => "", "validate" => "string")
);

$api = array(
	"title" => "sn",
	"active" => 1,
	"classname" => "sn",
	"currency" => "usd",
	"recurring" => 0,
	"settings" => serialize($apisettings),
);

$db->query_write(fetch_query_sql($api, 'paymentapi'));
toggle_subs();
$db->show_errors();]]></installcode>
			<uninstallcode><![CDATA[
function toggle_subs()
{
	global $vbulletin;


	$setting = 0;
	if ($check = $vbulletin->db->query_first("
		SELECT paymentapiid
		FROM " . TABLE_PREFIX . "paymentapi
		WHERE active = 1
	"))
	{
		if ($check = $vbulletin->db->query_first("
			SELECT subscriptionid
			FROM " . TABLE_PREFIX . "subscription
			WHERE active = 1
		"))
		{
			$setting = 1;
		}
	}

	if ($setting != $vbulletin->options['subscriptionmethods'])
	{
		// update $vboptions
		$vbulletin->db->query_write("
			UPDATE " . TABLE_PREFIX . "setting
			SET value = '$setting'
			WHERE varname = 'subscriptionmethods'
		");
		build_options();
	}
}

$db->hide_errors();
$db->query_write("DELETE FROM " . TABLE_PREFIX . "paymentapi WHERE classname = 'sn'");
toggle_subs();
$db->show_errors();]]></uninstallcode>
		</code>
	</codes>
	<templates>
	<template name="subscription_payment_sn" templatetype="template" date="1335278758" username="admin" version="1.0"><![CDATA[
<input type="hidden" name="pl_mid" value="{vb:raw api}" />
<input type="hidden" name="pl_comments" value="{vb:rawphrase x_subscription, {vb:raw subinfo.title}} by {vb:raw userinfo.username}" />
<input type="hidden" name="pl_callback_url" value="{vb:raw vboptions.bburl}/payment_gateway.php?method=sn&item={vb:raw item}" />
<input type="hidden" name="pl_amount" value="{vb:raw cost}" />
	]]></template>
	</templates>
	<plugins>
	</plugins>
	<phrases>
		<phrasetype name="Subscription Tools" fieldname="subscription">
			<phrase name="sn" date="1294078080" username="admin" version="1.0"><![CDATA[sn]]></phrase>
			<phrase name="sn_order_instructions" date="1294078080" username="admin" version="1.00"><![CDATA[To pay for your subscription using <a href="http://" target="_blank">sn</a> click the button below and follow the onscreen instructions.]]></phrase>
			<phrase name="setting_sn_plmid_desc" date="1294078080" username="admin" version="1.00"><![CDATA[Please enter your sn api]]></phrase>
			<phrase name="setting_sn_plmid_title" date="1294078080" username="admin" version="1.00"><![CDATA[sn api]]></phrase>
			<phrase name="setting_sn_d2t_desc" date="1294078080" username="admin" version="1.00"><![CDATA[Please enter Currency conversion rate to Toman]]></phrase>
			<phrase name="setting_sn_d2t_title" date="1294078080" username="admin" version="1.00"><![CDATA[Currency exchange rate]]></phrase>
		</phrasetype>
	</phrases>
	<options>
	</options>
	<helptopics>
	</helptopics>
	<cronentries>
	</cronentries>
	<faqentries>
	</faqentries>
</product>
